date,home_team,away_team,neutral,match_no,stage,group,venue_city,competition,home_gf12,home_ga12,home_pts12,home_prev_matches,away_gf12,away_ga12,away_pts12,away_prev_matches,fifa_home,fifa_away,diff_fifa,elo_home,elo_away,diff_elo,h2h,home_advantage
2026-06-11,Mexico,South Africa,1,1,Group Stage,A,Mexico City,FIFA World Cup 2026,1.5743131819866076,0.5010176768468179,2.4981996173717014,12,1.4886673720692911,1.102729775439071,1.5356246088442997,12,1700.98,1393.21,307.77,1881,1511,370,-0.04956268221574347,0
2026-06-11,South Korea,Czech Republic,1,2,Group Stage,A,"Zapopan, Mexico",FIFA World Cup 2026,2.166690239448409,0.5981799103704499,2.251625999030736,12,1.9017918586444849,1.4154612097981834,1.4379602009539305,12,1612.55,1506.49,106.05999999999995,1786,1712,74,0.0,0
2026-06-12,Canada,Bosnia and Herzegovina,1,3,Group Stage,B,Toronto,FIFA World Cup 2026,1.909479051787815,0.8238527751522227,1.8424619372781672,12,1.4611780528587046,1.2722054770561546,1.3779992462903143,12,1551.5,1395.19,156.30999999999995,1767,1616,151,0.0,0
2026-06-12,United States,Paraguay,1,4,Group Stage,D,"Inglewood, California",FIFA World Cup 2026,1.6520078728632155,1.2868090189408006,1.5207916325545148,12,1.2226439334132873,0.8317945994087171,1.7108359371772277,12,1688.53,1488.05,200.48000000000002,1780,1780,0,0.3391642371234208,0
2026-06-13,Qatar,Switzerland,1,5,Group Stage,B,"Santa Clara, California",FIFA World Cup 2026,0.7936921534047885,1.5125984731650048,0.9855369543428845,12,1.8880656359910022,1.0276164953605007,1.6409901070813233,12,1459.45,1640.92,-181.47000000000003,1447,1865,-418,0.0,0
2026-06-13,Brazil,Morocco,1,6,Group Stage,C,"East Rutherford, New Jersey",FIFA World Cup 2026,1.3971046792890305,1.3067713925242808,1.292603982881252,12,1.7618760259036927,0.18671863246948192,2.4586255457986432,12,1765.34,1755.62,9.720000000000027,1978,1840,138,1.0,0
2026-06-13,Haiti,Scotland,1,7,Group Stage,C,"Foxborough, Massachusetts",FIFA World Cup 2026,1.4067882439426957,1.1807583120134417,1.5945714071488202,12,1.9712772242750725,1.345700986320363,2.012299039142578,12,1277.67,1518.77,-241.0999999999999,1536,1794,-258,0.0,0
2026-06-14,Australia,Turkey,1,8,Group Stage,D,"Vancouver, Canada",FIFA World Cup 2026,2.2243116821424183,0.4597494745681348,2.7881969541293685,12,1.687158793500274,1.3933147479519334,1.8770305846651896,12,1605.61,1579.47,26.139999999999873,1839,1849,-10,1.0,0
2026-06-14,Germany,Curacao,1,9,Group Stage,E,Houston,FIFA World Cup 2026,2.624032403784423,0.802145759224069,2.119167293702075,12,1.417495224787154,1.7282221725198499,1.069584474096308,12,1743.54,1287.0,456.53999999999996,1939,1427,512,0.0,0
2026-06-14,Netherlands,Japan,1,10,Group Stage,F,"Arlington, Texas",FIFA World Cup 2026,2.919511571649839,0.7712118144944724,2.1426432353457767,12,2.3785867141117807,0.708458424255731,2.300103882988842,12,1749.2,1665.94,83.25999999999999,1944,1910,34,1.0,0
2026-06-14,Ivory Coast,Ecuador,1,11,Group Stage,E,Philadelphia,FIFA World Cup 2026,2.0107616700464366,1.0190817120014886,1.8338342007664779,12,0.6363649890235228,0.1034712171997145,1.8194694730648975,12,1568.62,1570.76,-2.1400000000001,1743,1890,-147,0.0,0
2026-06-14,Sweden,Tunisia,1,12,Group Stage,F,"Guadalupe, Mexico",FIFA World Cup 2026,1.8118824020957471,1.7097169462356512,1.5376088105079544,12,1.912573929753951,1.1075095557476824,1.537057972922107,12,1533.19,1453.0,80.19000000000005,1755,1585,170,0.0,0
2026-06-15,Spain,Cape Verde,1,13,Group Stage,H,Atlanta,FIFA World Cup 2026,3.232680755773457,1.1678626026648828,2.274859462768591,12,1.3574138503700053,1.2891336822543389,1.3095538412616,12,1856.03,1389.79,466.24,2129,1606,523,0.0,0
2026-06-15,Belgium,Egypt,1,14,Group Stage,G,Seattle,FIFA World Cup 2026,3.0001209122733603,0.9896279871496767,1.9661518948618415,12,0.985610713239228,0.9256578730577605,1.4622741097509038,12,1733.93,1570.67,163.26,1879,1711,168,0.0,0
2026-06-15,Saudi Arabia,Uruguay,1,15,Group Stage,H,"Miami Gardens, Florida",FIFA World Cup 2026,0.9825766224896556,1.0459214011623852,1.3097275017592216,12,0.9347920966732863,0.5466104434374556,1.4138456548620402,12,1435.0,1661.95,-226.95000000000005,1598,1870,-272,-1.0,0
2026-06-15,Iran,New Zealand,1,16,Group Stage,G,"Inglewood, California",FIFA World Cup 2026,1.2584058058405283,0.5738445743988971,1.6921379058937451,12,2.156937906484525,1.2877455972726646,1.4265322840463204,12,1605.12,1290.04,315.0799999999999,1756,1578,178,0.0,0
2026-06-16,France,Senegal,1,17,Group Stage,I,"East Rutherford, New Jersey",FIFA World Cup 2026,2.5820943355938417,0.9633420008309753,2.345092945765742,12,1.6363770621799258,0.9186991156634334,2.1740596465843396,12,1887.11,1667.66,219.44999999999982,2063,1860,203,-1.0,0
2026-06-16,Iraq,Norway,1,18,Group Stage,I,"Foxborough, Massachusetts",FIFA World Cup 2026,1.0983698837515317,0.8844540829729872,1.838670690871189,12,4.291030995610301,0.8136067454035105,2.875246842171939,12,1426.53,1577.18,-150.6500000000001,1607,1914,-307,0.0,0
2026-06-16,Argentina,Algeria,1,19,Group Stage,J,"Kansas City, Missouri",FIFA World Cup 2026,1.6710095403499334,0.638756209965649,1.844276949101922,12,1.464793063300018,0.6913406379409939,2.088566318825693,12,1889.06,1559.24,329.81999999999994,2115,1772,343,0.0,0
2026-06-17,Austria,Jordan,1,20,Group Stage,J,"Santa Clara, California",FIFA World Cup 2026,2.029447415977865,0.7910382015313137,2.0048669569731414,12,1.6351998060284498,1.3688444303208422,1.605087320098489,12,1612.86,1372.29,240.56999999999994,1830,1680,150,1.0,0
2026-06-17,Portugal,DR Congo,1,21,Group Stage,K,Houston,FIFA World Cup 2026,3.000229835003208,1.3380197366260633,1.9189977587054865,12,1.1742775172515099,0.5607979861110977,1.9058824094377838,12,1755.09,1487.18,267.90999999999985,1989,1652,337,0.0,0
2026-06-17,England,Croatia,1,22,Group Stage,L,"Arlington, Texas",FIFA World Cup 2026,2.9020487492696687,0.10276243601123251,2.8996342987549895,12,2.408375109840654,0.7843288606599932,2.3407836825352755,12,1847.68,1695.21,152.47000000000003,2024,1912,112,0.3467704958562613,0
2026-06-17,Ghana,Panama,1,23,Group Stage,L,Toronto,FIFA World Cup 2026,1.6348526101579395,0.8458073042587569,1.6821744961443614,12,2.0205946454466415,0.7335180140512819,2.2839137408879475,12,1380.71,1505.33,-124.61999999999989,1510,1730,-220,0.0,0
2026-06-17,Uzbekistan,Colombia,1,24,Group Stage,K,Mexico City,FIFA World Cup 2026,1.254098806434639,0.4021165056484269,1.876767155091036,12,2.205030743303744,1.3548154910107726,1.5095361187073533,12,1444.48,1712.6,-268.1199999999999,1714,1982,-268,0.0,0
2026-06-18,Czech Republic,South Africa,1,25,Group Stage,A,Atlanta,FIFA World Cup 2026,1.764997806149439,1.5696645760600798,1.1556275240618172,12,1.1512310819455318,1.3244846111324795,1.1658819272082288,12,1506.49,1393.21,113.27999999999997,1712,1511,201,0.0,0
2026-06-18,Switzerland,Bosnia and Herzegovina,1,26,Group Stage,B,"Inglewood, California",FIFA World Cup 2026,1.786710276858,0.996509403245009,1.5753766599965437,12,1.4182570504076482,1.048223980808235,1.3482561352787232,12,1640.92,1395.19,245.73000000000002,1865,1616,249,0.0,0
2026-06-18,Canada,Qatar,1,27,Group Stage,B,"Vancouver, Canada",FIFA World Cup 2026,1.8137109258824338,0.8149482285564791,1.756259549857517,12,0.8312192813149418,1.4193574802193738,0.9881677634628587,12,1551.5,1459.45,92.04999999999995,1767,1447,320,0.0,0
2026-06-18,Mexico,South Korea,1,28,Group Stage,A,"Zapopan, Mexico",FIFA World Cup 2026,1.687678128131694,0.40237795297433937,2.648339608990121,12,2.0372743703754654,0.6901512765607675,2.3858487815346563,12,1700.98,1612.55,88.43000000000006,1881,1786,95,0.2994004806179533,0
2026-06-19,United States,Australia,1,29,Group Stage,D,Seattle,FIFA World Cup 2026,2.0922128444415193,1.2166028871952055,1.8269109812924795,12,2.2164662382230906,0.3553219214125594,2.8808999601526732,12,1688.53,1605.61,82.92000000000007,1780,1839,-59,0.0,0
2026-06-19,Scotland,Morocco,1,30,Group Stage,C,"Foxborough, Massachusetts",FIFA World Cup 2026,1.8495072928443286,1.118659295788959,2.2236228840378427,12,1.6425263273238677,0.3592047972152537,2.188380015287666,12,1518.77,1755.62,-236.8499999999999,1794,1840,-46,-1.0,0
2026-06-19,Brazil,Haiti,1,31,Group Stage,C,Philadelphia,FIFA World Cup 2026,1.3529144390830212,1.254634486206809,1.2661740135202224,12,1.099916942794242,1.167479787996676,1.2542965129187233,12,1765.34,1277.67,487.66999999999985,1978,1536,442,1.0,0
2026-06-20,Turkey,Paraguay,1,32,Group Stage,D,"Santa Clara, California",FIFA World Cup 2026,1.1084258839305015,1.4019116953928519,1.2618904585305712,12,1.1846058389540848,1.2221159504023376,1.6527102652720085,12,1579.47,1488.05,91.42000000000007,1849,1780,69,-1.0,0
2026-06-20,Netherlands,Sweden,1,33,Group Stage,F,Houston,FIFA World Cup 2026,2.6924634564974936,1.0560680973253085,1.8738886605018674,12,2.3604555606731537,1.5792812390025222,1.8048597678623808,12,1749.2,1533.19,216.01,1944,1755,189,0.1902410335075528,0
2026-06-20,Germany,Ivory Coast,1,34,Group Stage,E,Toronto,FIFA World Cup 2026,3.8789719849114266,0.872720915712535,2.393015197288816,12,1.8295261820061959,0.836354391703531,2.042934559459556,12,1743.54,1568.62,174.92000000000007,1939,1743,196,0.0,0
2026-06-20,Ecuador,Curacao,1,35,Group Stage,E,"Kansas City, Missouri",FIFA World Cup 2026,0.5442252437385272,0.2332802656431889,1.5560271770654426,12,1.2176685264625422,3.8338412066722074,0.6179420286661946,12,1570.76,1287.0,283.76,1890,1427,463,0.0,0
2026-06-21,Tunisia,Japan,1,36,Group Stage,F,"Guadalupe, Mexico",FIFA World Cup 2026,1.3480043809092892,2.1668581109177047,0.9188683131974268,12,2.4643575887311386,0.8212116583506824,2.2119495857637004,12,1453.0,1665.94,-212.94000000000005,1585,1910,-325,-0.4665202212372023,0
2026-06-21,Spain,Saudi Arabia,1,37,Group Stage,H,Atlanta,FIFA World Cup 2026,2.7364398346074235,0.9810508279125105,2.046260456535813,12,0.9856203241885799,1.0100689595677652,1.2834513939723902,12,1856.03,1435.0,421.03,2129,1598,531,1.0,0
2026-06-21,Belgium,Iran,1,38,Group Stage,G,"Inglewood, California",FIFA World Cup 2026,2.6703041619838745,0.99151011274148,1.8239611701939347,12,1.38840774110764,0.8255450696272248,1.547302329771683,12,1733.93,1605.12,128.81000000000017,1879,1756,123,0.0,0
2026-06-21,Uruguay,Cape Verde,1,39,Group Stage,H,"Miami Gardens, Florida",FIFA World Cup 2026,0.9685356169187261,0.6353373136158013,1.3552271697538119,12,1.0571840625411477,1.0026228985926704,1.2473575907918681,12,1661.95,1389.79,272.1600000000001,1870,1606,264,0.0,0
2026-06-21,New Zealand,Egypt,1,40,Group Stage,G,"Vancouver, Canada",FIFA World Cup 2026,2.1109949015826324,1.4515643247368597,1.314304603442565,12,1.012399617882457,0.914841907508927,1.4032567020266522,12,1290.04,1570.67,-280.6300000000001,1578,1711,-133,-1.0,0
2026-06-22,Argentina,Austria,1,41,Group Stage,J,"Arlington, Texas",FIFA World Cup 2026,1.8720874861511108,0.5421115834861956,2.019139315721804,12,2.2410056467111206,0.8244842142274632,2.2203594874203825,12,1889.06,1612.86,276.20000000000005,2115,1830,285,0.0,0
2026-06-22,France,Iraq,1,42,Group Stage,I,Philadelphia,FIFA World Cup 2026,2.7230290115391127,0.9923062226465644,2.5050906252929437,12,1.0810450971897603,1.5326632758669423,1.4402189801570482,12,1887.11,1426.53,460.5799999999999,2063,1607,456,0.0,0
2026-06-22,Norway,Senegal,1,43,Group Stage,I,"East Rutherford, New Jersey",FIFA World Cup 2026,4.271512718986253,0.8697104341780978,2.89500721039906,12,1.48810661384355,1.3984064996742387,1.6755515477754743,12,1577.18,1667.66,-90.48000000000002,1914,1860,54,0.0,0
2026-06-22,Jordan,Algeria,1,44,Group Stage,J,"Santa Clara, California",FIFA World Cup 2026,1.5283035280698003,1.6797429963969759,1.3167733385339546,12,1.1626980512199878,1.2343560980955508,1.6355314036887438,12,1372.29,1559.24,-186.95000000000005,1680,1772,-92,-1.0,0
2026-06-23,Portugal,Uzbekistan,1,45,Group Stage,K,Houston,FIFA World Cup 2026,2.5935316327208944,1.2867990618830856,1.7279404711969955,12,1.2365335878829171,0.938012219609887,1.5210757781649846,12,1755.09,1444.48,310.6099999999999,1989,1714,275,0.0,0
2026-06-23,England,Ghana,1,46,Group Stage,L,"Foxborough, Massachusetts",FIFA World Cup 2026,3.193668809063067,0.46649560506303084,3.000000000000001,12,1.5438922857354456,0.6519509230965798,1.9816832510645608,12,1847.68,1380.71,466.97,2024,1510,514,0.0,0
2026-06-23,Panama,Croatia,1,47,Group Stage,L,Toronto,FIFA World Cup 2026,1.6311423880253342,0.7981521368922532,1.8303805446622328,12,2.378649880687992,1.5323397169529083,1.8561471115341874,12,1505.33,1695.21,-189.8800000000001,1730,1912,-182,0.0,0
2026-06-23,Colombia,DR Congo,1,48,Group Stage,K,"Zapopan, Mexico",FIFA World Cup 2026,2.364462163486563,1.3047621912755907,1.7670799431991322,12,1.1205211065377583,0.6654719788681731,1.6912531729621385,12,1712.6,1487.18,225.41999999999985,1982,1652,330,0.0,0
2026-06-24,Switzerland,Canada,1,49,Group Stage,B,"Vancouver, Canada",FIFA World Cup 2026,2.181250274495382,0.9021658803164484,1.8631154262198228,12,2.5784789390487024,0.6296681331579991,2.0076614321818163,12,1640.92,1551.5,89.42000000000007,1865,1767,98,0.0,0
2026-06-24,Bosnia and Herzegovina,Qatar,1,50,Group Stage,B,Seattle,FIFA World Cup 2026,1.348821524457803,1.6272658779163818,1.0947590279673858,12,0.6685846618225973,2.281020876894874,0.8220325604708151,12,1395.19,1459.45,-64.25999999999999,1616,1447,169,0.0,0
2026-06-24,Scotland,Brazil,1,51,Group Stage,C,"Miami Gardens, Florida",FIFA World Cup 2026,1.523113961051404,1.1269734254983652,1.8019525660988982,12,1.5770025434680572,1.0783187882699006,1.4772297223053439,12,1518.77,1765.34,-246.56999999999994,1794,1978,-184,-0.8742861417558805,0
2026-06-24,Morocco,Haiti,1,52,Group Stage,C,Atlanta,FIFA World Cup 2026,1.5438560006690185,0.3040430813913465,2.3130174123959146,12,0.8039509882057869,1.5796329088258403,0.9578174919873463,12,1755.62,1277.67,477.9499999999998,1840,1536,304,0.0,0
2026-06-24,Czech Republic,Mexico,1,53,Group Stage,A,Mexico City,FIFA World Cup 2026,1.6247663061763349,1.4833570866620522,1.0833892658134274,12,1.5995332715523987,0.3350563138185868,2.7609961233379945,12,1506.49,1700.98,-194.49,1712,1881,-169,1.0,0
2026-06-24,South Africa,South Korea,1,54,Group Stage,A,"Guadalupe, Mexico",FIFA World Cup 2026,1.090674006898772,1.2861430300768673,1.1028121244508724,12,1.624614056091842,0.7719517176136318,1.8615167280216505,12,1393.21,1612.55,-219.33999999999992,1511,1786,-275,0.0,0
2026-06-25,Ecuador,Germany,1,55,Group Stage,E,"East Rutherford, New Jersey",FIFA World Cup 2026,0.4540387469553846,0.20470559599642002,1.4408711025784635,12,3.5720604517674293,0.8935106982156898,2.492160175442377,12,1570.76,1743.54,-172.77999999999997,1890,1939,-49,-1.0,0
2026-06-25,Curacao,Ivory Coast,1,56,Group Stage,E,Philadelphia,FIFA World Cup 2026,0.9951973649460774,3.1899600896896936,0.679483468152645,12,1.694487400998912,1.0793946268875174,1.6554161869130897,12,1287.0,1568.62,-281.6199999999999,1427,1743,-316,0.0,0
2026-06-25,Japan,Sweden,1,57,Group Stage,F,"Arlington, Texas",FIFA World Cup 2026,2.4643575887311386,0.8212116583506824,2.2119495857637004,12,2.0752660687774416,2.2958276645975597,1.4201057627153946,12,1665.94,1533.19,132.75,1910,1755,155,-0.5405405405405405,0
2026-06-25,Tunisia,Netherlands,1,58,Group Stage,F,"Kansas City, Missouri",FIFA World Cup 2026,1.3480043809092892,2.1668581109177047,0.9188683131974268,12,3.1805735313239683,1.0466384553488433,2.1132923011002442,12,1453.0,1749.2,-296.20000000000005,1585,1944,-359,0.0,0
2026-06-25,Turkey,United States,1,59,Group Stage,D,"Inglewood, California",FIFA World Cup 2026,1.1084258839305015,1.4019116953928519,1.2618904585305712,12,2.1335398594784665,0.9897546967632306,2.103038122207175,12,1579.47,1688.53,-109.05999999999995,1849,1780,69,1.0,0
2026-06-25,Paraguay,Australia,1,60,Group Stage,D,"Santa Clara, California",FIFA World Cup 2026,1.1846058389540848,1.2221159504023376,1.6527102652720085,12,1.826504893668322,0.6930692556771587,2.3498465445981194,12,1488.05,1605.61,-117.55999999999995,1780,1839,-59,0.0,0
2026-06-26,Norway,France,1,61,Group Stage,I,"Foxborough, Massachusetts",FIFA World Cup 2026,4.100132971463572,0.9869796249001871,3.0000000000000004,12,2.762341318835327,0.8223941558524803,2.5753363558309226,12,1577.18,1887.11,-309.92999999999984,1914,2063,-149,-0.32913901711463756,0
2026-06-26,Senegal,Iraq,1,62,Group Stage,I,Toronto,FIFA World Cup 2026,1.5718075957599869,1.717448628676633,1.344416351428249,12,0.822591805251989,1.8710925685651356,1.0900846166520415,12,1667.66,1426.53,241.1300000000001,1860,1607,253,0.0,0
2026-06-26,Cape Verde,Saudi Arabia,1,63,Group Stage,H,Houston,FIFA World Cup 2026,1.2647529079185937,1.1999758567443461,1.223275497049859,12,0.7738251922171108,1.6728666687428373,0.9719837891780483,12,1389.79,1435.0,-45.210000000000036,1606,1598,8,0.0,0
2026-06-26,Uruguay,Spain,1,64,Group Stage,H,"Zapopan, Mexico",FIFA World Cup 2026,1.160499251823624,0.873468790305198,1.3060070158449262,12,2.944708355785946,0.7853916403485608,2.182515614535052,12,1661.95,1856.03,-194.07999999999993,1870,2129,-259,-0.38872691933916426,0
2026-06-26,Egypt,Iran,1,65,Group Stage,G,Seattle,FIFA World Cup 2026,1.3212663531708195,0.9260366257547075,1.6607421204798556,12,1.0998562678005517,0.6683169238075855,1.3948185007999798,12,1570.67,1605.12,-34.44999999999982,1711,1756,-45,0.0,0
2026-06-26,New Zealand,Belgium,1,66,Group Stage,G,"Vancouver, Canada",FIFA World Cup 2026,1.8855128328499648,1.7695340309469905,1.036501617469257,12,2.1754001155096145,0.782902534195681,1.6960961861852741,12,1290.04,1733.93,-443.8900000000001,1578,1879,-301,0.0,0
2026-06-27,Panama,England,1,67,Group Stage,L,"East Rutherford, New Jersey",FIFA World Cup 2026,1.2397764961599333,0.85966488078719,1.3988352358473848,12,2.631402532290601,0.3705768926942346,2.64491005520964,12,1505.33,1847.68,-342.35000000000014,1730,2024,-294,-1.0,0
2026-06-27,Croatia,Ghana,1,68,Group Stage,L,Philadelphia,FIFA World Cup 2026,2.161015441447722,1.2590588578395236,2.0994860797716375,12,1.2031047940489987,0.49517802975118547,1.779154187261155,12,1695.21,1380.71,314.5,1912,1510,402,0.0,0
2026-06-27,Colombia,Portugal,1,69,Group Stage,K,"Miami Gardens, Florida",FIFA World Cup 2026,2.1417801219270105,1.0904676758080933,1.9402986024857964,12,3.057080559008824,1.0719044240123126,1.9696600572571736,12,1712.6,1755.09,-42.49000000000001,1982,1989,-7,0.0,0
2026-06-27,DR Congo,Uzbekistan,1,70,Group Stage,K,Atlanta,FIFA World Cup 2026,0.8510219639995935,0.7267441777266967,1.3332847510120625,12,0.9941284315534937,1.7724612771110686,1.1835164726552336,12,1487.18,1444.48,42.700000000000045,1652,1714,-62,0.0,0
2026-06-27,Algeria,Austria,1,71,Group Stage,J,"Kansas City, Missouri",FIFA World Cup 2026,1.2749945028784655,1.213307194582003,1.8420249284270274,12,1.7370686160624267,1.101724445739404,1.7208151951704895,12,1559.24,1612.86,-53.61999999999989,1772,1830,-58,-1.0,0
2026-06-27,Jordan,Argentina,1,72,Group Stage,J,"Arlington, Texas",FIFA World Cup 2026,1.4041751586287392,1.7506872266266957,1.0475944510206023,12,1.918803473281616,0.40494771247762734,2.250501227246597,12,1372.29,1889.06,-516.77,1680,2115,-435,0.0,0
